system:time_start,chlor_a_labrador,chlor_a_oligo,chlor_a_hatteras,sst_labrador,sst_oligo,sst_hatteras
1-Jan-16,,,,,,
2-Jan-16,0.963,,0.602,16.336,,26.542
3-Jan-16,,,,,,
4-Jan-16,,,,,,
5-Jan-16,,,,,,
6-Jan-16,,,,,,
7-Jan-16,,,,,,
8-Jan-16,,,,,,
9-Jan-16,0.628,,,14.182,,
10-Jan-16,4.424,,,,,
11-Jan-16,,,,15.933,,27.51
12-Jan-16,1.438,,1.151,14.368,24.004,22.606
13-Jan-16,1.44,,0.806,14.647,,25.895
14-Jan-16,1.422,0.277,0.405,15.114,24.391,24.423
15-Jan-16,,,,,,
16-Jan-16,1.756,,0.99,15.266,,22.403
17-Jan-16,,,,,,
18-Jan-16,,,,,,16.805
19-Jan-16,,,2.375,,,17.032
20-Jan-16,,,,,,
21-Jan-16,,,0.668,,,21.28
22-Jan-16,,,,,,
23-Jan-16,,,,,,
24-Jan-16,2.582,,2.376,11.799,,23.57
25-Jan-16,,0.165,,,23.656,
26-Jan-16,1.666,0.169,4.71,,20.075,
27-Jan-16,,,,,,
28-Jan-16,,,,,,
29-Jan-16,0.705,,0.777,12.309,,23.83
30-Jan-16,1.18,,0.699,12.217,,23.112
31-Jan-16,1.238,,0.662,,,23.595
1-Feb-16,1.584,,0.456,10.22,21.44,23.676
2-Feb-16,1.036,,1.078,,22.001,20.253
3-Feb-16,,,,,,
4-Feb-16,,,,,,
5-Feb-16,,,,,,
6-Feb-16,,,,,,
7-Feb-16,,,,,,
8-Feb-16,,,1.439,,,24.319
9-Feb-16,1.871,,1.36,10.743,21.043,23.98
10-Feb-16,1.682,,2.631,9.47,,
11-Feb-16,1.688,,1.381,10.375,,22.561
12-Feb-16,,,,,,
13-Feb-16,2.045,,,9.084,,
14-Feb-16,,,,,,
15-Feb-16,,,,,,
16-Feb-16,,,,,,
17-Feb-16,,,,,,
18-Feb-16,1.56,,1.92,10.995,,21.187
19-Feb-16,0.727,,2.302,6.33,,23.409
20-Feb-16,,,0.33,,,22.902
21-Feb-16,,,,,,
22-Feb-16,,,,,,
23-Feb-16,,,,,22.59,
24-Feb-16,,,,,,
25-Feb-16,0.745,,2.085,12.235,,19.262
26-Feb-16,1.069,,,9.442,,17.915
27-Feb-16,1.181,,1.31,13.55,,16.986
28-Feb-16,,,,9.687,24.253,22.595
29-Feb-16,2.836,0.345,1.031,,23.407,22.154
1-Mar-16,2.383,,,18.916,22.124,
2-Mar-16,1.651,0.27,0.75,16.917,22.927,20.301
3-Mar-16,1.977,,0.754,15.188,24.28,20.666
4-Mar-16,,,,,,
5-Mar-16,1.552,,2.115,11.571,22.9,19.054
6-Mar-16,1.312,,1.826,9.355,,23.244
7-Mar-16,1.48,0.229,0.758,17.596,23.393,23.321
8-Mar-16,1.736,,0.942,10.835,24.056,25.404
9-Mar-16,1.51,0.249,0.721,,22.448,24.387
10-Mar-16,,0.227,1.391,,22.57,24.183
11-Mar-16,,0.219,,,22.896,
12-Mar-16,,,,,,
13-Mar-16,1.205,,,,,
14-Mar-16,,,0.464,,24.148,22.954
15-Mar-16,,,,,23.47,22.235
16-Mar-16,1.322,0.174,0.423,,24.346,23.437
17-Mar-16,,,,,,
18-Mar-16,1.598,0.177,0.194,,23.304,22.705
19-Mar-16,,,,,,
20-Mar-16,,,,,23.315,
21-Mar-16,1.425,,0.244,10.563,,22.821
22-Mar-16,1.071,0.188,0.473,11.218,24.789,24.644
23-Mar-16,3.235,0.16,1.212,8.618,23.155,23.679
24-Mar-16,,,,,,
25-Mar-16,,,,12.318,,21.025
26-Mar-16,,,,,,
27-Mar-16,,,,,,
28-Mar-16,1.471,0.17,0.65,21.52,21.697,22.007
29-Mar-16,1.359,0.141,0.633,12.543,22.504,22.381
30-Mar-16,1.082,,1.722,,20.987,
31-Mar-16,,,,,,
1-Apr-16,,,,12.613,,
2-Apr-16,,,,,21.86,
3-Apr-16,2.768,,2.257,13.145,22.089,22.402
4-Apr-16,1.663,0.16,1.249,,22.138,19.858
5-Apr-16,,,,,,
6-Apr-16,1.467,0.18,2.28,15.021,22.532,18.343
7-Apr-16,0.498,,,,,
8-Apr-16,1.913,,0.783,19.304,,21.068
9-Apr-16,,,,11.694,,
10-Apr-16,11.732,,,14.017,20.914,21.697
11-Apr-16,,,2.203,,21.002,16.797
12-Apr-16,,,,,,
13-Apr-16,1.807,,1.406,16.382,20.894,19.794
14-Apr-16,1.266,,0.751,14.642,21.346,22.168
15-Apr-16,1.88,,,13.07,,
16-Apr-16,,,,13.356,,23.525
17-Apr-16,,,,11.659,20.952,20.223
18-Apr-16,1.591,0.208,0.64,14.465,21.091,24.778
19-Apr-16,,,,,,
20-Apr-16,1.325,0.152,0.605,,21.375,24.491
21-Apr-16,0.759,0.148,,14.448,21.894,23.925
22-Apr-16,1.166,0.142,2.014,11.754,20.815,21.709
23-Apr-16,,,,,,
24-Apr-16,1.493,,,12.376,20.832,23.502
25-Apr-16,,,0.337,13.784,21.864,24.841
26-Apr-16,,,,13.92,22.218,23.49
27-Apr-16,2.447,,0.326,14.801,21.025,23.106
28-Apr-16,,,,,20.935,23.255
29-Apr-16,,0.115,1.658,,21.162,
30-Apr-16,,,,11.145,18.818,
1-May-16,,,,,,
2-May-16,,,,,,
3-May-16,,,,,,
4-May-16,,,,15.862,,24.997
5-May-16,,,,,24.977,
6-May-16,0.615,,1.375,18.015,24.083,23.901
7-May-16,0.509,0.092,0.399,12.96,24.15,23.735
8-May-16,0.767,0.105,0.335,,24.803,24.521
9-May-16,,0.071,,15.546,23.282,23.415
10-May-16,,,,,24.981,25.093
11-May-16,,,0.498,19.199,25.315,26.315
12-May-16,,,,16.485,25.539,23.542
13-May-16,,,,,,
14-May-16,0.981,0.1,0.336,17.167,26.926,26.217
15-May-16,0.756,0.084,0.644,14.474,26.87,25.349
16-May-16,0.586,0.088,,15.249,27.946,
17-May-16,,,,,,
18-May-16,,,,,,
19-May-16,,,,15.979,,23.294
20-May-16,,,,,,
21-May-16,,,,,,
22-May-16,,,,,,
23-May-16,,,0.857,21.814,24.18,20.521
24-May-16,0.548,0.096,0.558,22.698,24.967,24.576
25-May-16,0.354,0.089,,16.819,26.605,
26-May-16,,0.104,,18.766,27.001,23.712
27-May-16,0.707,,0.346,23.775,26.088,27.448
28-May-16,,,,23.585,23.794,24.916
29-May-16,,,,20.912,26.084,26.889
30-May-16,,,,,,
31-May-16,,0.071,0.074,,25.644,27.052
1-Jun-16,,0.053,,,25.94,28.053
2-Jun-16,,,,,25.578,
3-Jun-16,,,,20.172,27.197,26.45
4-Jun-16,,,,21.175,26.347,23.851
5-Jun-16,0.59,0.06,0.87,22.338,26.259,26.937
6-Jun-16,,,,,,
7-Jun-16,0.797,,0.402,20.895,,25.368
8-Jun-16,0.629,0.083,0.176,22.144,26.94,28.158
9-Jun-16,0.821,0.08,0.219,22.29,26.529,27.69
10-Jun-16,0.629,0.067,0.205,21.226,26.749,27.836
11-Jun-16,,,,21.021,24.328,26.964
12-Jun-16,0.672,,0.124,22.632,26.074,28.337
13-Jun-16,,,,22.586,24.026,28.074
14-Jun-16,0.655,0.063,0.157,23.983,26.495,27.017
15-Jun-16,0.478,,,23.358,,27.393
16-Jun-16,0.614,0.07,0.158,25.404,26.732,27.826
17-Jun-16,0.314,,,23.383,27.168,25.99
18-Jun-16,0.601,,,22.427,25.641,27.328
19-Jun-16,,,,23.544,24.591,28.179
20-Jun-16,,,,23.256,26.658,27.899
21-Jun-16,,,0.23,,,27.669
22-Jun-16,,,,,,26.146
23-Jun-16,,,,,,
24-Jun-16,,,,,,
25-Jun-16,,0.06,,,27.567,
26-Jun-16,0.495,0.081,,23.356,27.33,24.966
27-Jun-16,0.611,,,25.116,27.591,28.297
28-Jun-16,,,,,27.26,29.715
29-Jun-16,,,,23.345,,29.355
30-Jun-16,,,,,,
1-Jul-16,,,,,,
2-Jul-16,0.533,0.071,0.196,23.91,26.957,28.173
3-Jul-16,,,,24.6,,27.482
4-Jul-16,,0.06,,,26.161,27.88
5-Jul-16,,,,26.443,28.098,29.133
6-Jul-16,,,,26.361,28.599,28.742
7-Jul-16,0.486,0.067,0.236,27.436,29.108,28.682
8-Jul-16,,,,26.296,28.99,28.457
9-Jul-16,0.292,,0.311,22.954,29.016,27.322
10-Jul-16,,,,,27.901,
11-Jul-16,0.153,,,,,
12-Jul-16,0.274,,0.365,25.174,,27.599
13-Jul-16,,,,25.854,,
14-Jul-16,0.441,,0.257,27.256,28.281,29.055
15-Jul-16,,,,27.089,29.251,29.416
16-Jul-16,,0.058,,,29.337,
17-Jul-16,0.432,,,26.604,,
18-Jul-16,0.443,0.068,0.237,27.028,29.692,29.43
19-Jul-16,,0.068,,,30.299,
20-Jul-16,0.443,,0.192,26.674,28.533,29.569
21-Jul-16,,,,27.322,28.795,28.95
22-Jul-16,,,,27.081,29.589,
23-Jul-16,0.456,0.068,0.162,27.851,29.951,29.847
24-Jul-16,,,,27.335,29.605,29.668
25-Jul-16,0.491,0.065,0.211,27.979,25.881,27.713
26-Jul-16,,0.055,0.162,26.22,29.613,28.783
27-Jul-16,0.443,,0.24,28.872,28.363,28.68
28-Jul-16,0.352,0.054,0.234,28.411,29.035,29.52
29-Jul-16,0.358,,,28.201,30.267,29.612
30-Jul-16,,,,29.551,,
31-Jul-16,,,,28.195,29.916,28.666
1-Aug-16,,,,,,30.463
2-Aug-16,0.231,,,27.525,,
3-Aug-16,0.311,,0.362,26.932,28.872,29.169
4-Aug-16,0.311,0.059,0.503,27.617,29.516,29.688
5-Aug-16,0.362,,0.198,27.922,,28.877
6-Aug-16,,,,26.601,,
7-Aug-16,,,,27.003,28.495,28.584
8-Aug-16,,0.062,,26.361,28.676,27.67
9-Aug-16,,,0.234,26.986,29.242,29.883
10-Aug-16,0.326,0.057,0.191,27.1,28.726,28.539
11-Aug-16,0.34,0.055,0.297,28.457,28.914,29.459
12-Aug-16,0.413,0.052,0.326,28.133,28.652,28.906
13-Aug-16,0.572,0.052,0.217,28.021,27.887,28.908
14-Aug-16,0.373,0.048,,28.29,29.135,29.308
15-Aug-16,0.562,,0.424,28.821,29.294,29.468
16-Aug-16,,,,28.616,29.355,29.882
17-Aug-16,0.381,0.04,0.165,28.589,28.393,30.124
18-Aug-16,0.364,0.062,0.197,28.31,29.563,30.202
19-Aug-16,,0.034,0.227,,29.622,30.534
20-Aug-16,0.362,,0.21,28.475,,29.431
21-Aug-16,0.382,0.052,0.216,28.723,29.368,30.149
22-Aug-16,,,,27.874,28.881,29.29
23-Aug-16,,,,27.641,29.29,29.839
24-Aug-16,0.36,0.052,,26.436,29.074,29.034
25-Aug-16,0.375,,0.274,28.58,29.477,29.182
26-Aug-16,0.323,0.058,0.175,26.946,29.85,29.358
27-Aug-16,0.278,0.045,0.163,27.688,28.186,28.706
28-Aug-16,0.481,,,27.093,,
29-Aug-16,,,,,,
30-Aug-16,,,,26.816,,
31-Aug-16,,,,,,
1-Sep-16,0.376,,0.206,28.543,28.245,29.506
2-Sep-16,,,,,,
3-Sep-16,,,,21.433,,25.385
4-Sep-16,1.129,,1.172,21.389,26.758,26.075
5-Sep-16,,,,20.45,27.001,27.303
6-Sep-16,1.001,0.105,0.871,22.544,26.747,25.929
7-Sep-16,,,,24.018,28.473,
8-Sep-16,,,,,28.291,25.862
9-Sep-16,,0.085,,,29.1,
10-Sep-16,0.808,0.077,0.433,24.666,28.856,28.354
11-Sep-16,0.574,0.07,0.797,25.248,29.306,27.342
12-Sep-16,,,,,,27.635
13-Sep-16,0.597,,,24.031,,
14-Sep-16,,,,23.495,,
15-Sep-16,0.494,,0.101,24.227,,28.709
16-Sep-16,0.388,,,24.007,28.746,
17-Sep-16,0.725,,,23.949,28.179,26.316
18-Sep-16,0.399,0.079,0.753,24.642,28.173,25.143
19-Sep-16,0.505,0.105,0.999,24.533,28.577,26.175
20-Sep-16,,,,,,
21-Sep-16,,,,,27.518,28.899
22-Sep-16,0.7,0.055,0.167,24.782,28.634,28.688
23-Sep-16,,,,24.252,28.251,27.169
24-Sep-16,0.816,0.053,0.295,24.878,28.343,27.894
25-Sep-16,0.733,,,24.649,27.586,27.826
26-Sep-16,0.934,0.052,0.342,23.802,28.311,27.999
27-Sep-16,,,,,,
28-Sep-16,0.7,0.061,0.394,24.396,28.142,28.384
29-Sep-16,,0.052,,23.358,27.567,27.39
30-Sep-16,0.724,,,24.73,27.538,28.548
1-Oct-16,,,,,,
2-Oct-16,,,,23.634,,
3-Oct-16,,0.081,,21.172,28.696,27.031
4-Oct-16,,,,,,
5-Oct-16,1.287,,,21.94,,
6-Oct-16,,,,,,
7-Oct-16,0.769,,,22.32,,
8-Oct-16,,,,,,
9-Oct-16,,,,,,
10-Oct-16,,,,,,
11-Oct-16,1.757,,2.487,20.76,,24.264
12-Oct-16,1.356,0.08,,19.495,26.019,
13-Oct-16,1.561,0.111,1.726,21.203,25.793,25.404
14-Oct-16,1.506,,,20.262,25.194,
15-Oct-16,1.473,0.145,2.09,20.301,26.144,24.354
16-Oct-16,1.197,0.137,2.591,20.748,25.816,24.356
17-Oct-16,1.301,0.117,1.678,20.848,25.787,25.42
18-Oct-16,3.356,,2.24,20.973,,25.149
19-Oct-16,2.754,0.096,0.717,21.561,25.671,25.768
20-Oct-16,3.448,0.097,2.699,22.662,25.49,25.237
21-Oct-16,,0.053,,21.008,25.399,25.074
22-Oct-16,1.313,,3.216,21.478,25.59,23.025
23-Oct-16,1.39,0.119,0.939,21.365,27.419,28.114
24-Oct-16,1.577,0.133,0.558,21.27,26.082,26.171
25-Oct-16,,,,23.241,26.765,27.791
26-Oct-16,1.205,,0.853,21.02,26.58,25.927
27-Oct-16,,,,20.267,,
28-Oct-16,2.221,,,20.756,25.125,22.384
29-Oct-16,1.556,0.135,0.633,20.94,26.133,25.773
30-Oct-16,1.063,0.114,0.454,21.04,25.936,26.361
31-Oct-16,,,,,26.434,
1-Nov-16,,,,19.19,,
2-Nov-16,1.077,0.135,0.421,19.796,26.955,25.856
3-Nov-16,,,,19.35,,
4-Nov-16,1.106,,,19.022,,
5-Nov-16,1.15,,0.917,18.963,27.175,25.023
6-Nov-16,1.108,0.166,0.776,17.951,26.826,25.326
7-Nov-16,,,,17.831,24.528,22.238
8-Nov-16,1.408,,1.414,17.782,24.567,24.174
9-Nov-16,,,,,,
10-Nov-16,,,,17.78,,
11-Nov-16,1.396,0.181,1.325,16.85,25.191,23.414
12-Nov-16,1.283,0.128,,16.909,23.979,23.791
13-Nov-16,1.308,0.164,0.559,16.633,23.704,24.964
14-Nov-16,,,,,25.076,25.557
15-Nov-16,0.689,,,16.116,,
16-Nov-16,1.234,0.151,0.587,16.983,24.015,24.616
17-Nov-16,1.241,,,16.995,24.608,26.504
18-Nov-16,1.323,0.15,0.411,16.696,23.848,25.416
19-Nov-16,0.896,,0.298,17.072,24.732,25.75
20-Nov-16,,,2.519,15.789,,20.1
21-Nov-16,1.153,0.163,0.478,16.779,25.977,26.31
22-Nov-16,1.282,,0.38,16.433,24.7,26.45
23-Nov-16,1.55,0.179,1.182,16.323,24.685,24.695
24-Nov-16,,0.074,,,22.438,
25-Nov-16,,,0.394,15.399,,25.147
26-Nov-16,,,,14.897,,
27-Nov-16,1.109,,3.757,14.973,22.105,20.715
28-Nov-16,,,,,,
29-Nov-16,,,,,,
30-Nov-16,,,,,,
1-Dec-16,1.527,,0.462,15.478,,23.2
2-Dec-16,1.373,,0.704,15.156,22.278,24.846
3-Dec-16,1.833,,,16.343,,26.044
4-Dec-16,,,,,,
5-Dec-16,,,,14.494,,
6-Dec-16,,,,,,
7-Dec-16,,,,13.146,,
8-Dec-16,,,,,23.128,25.42
9-Dec-16,,,2.381,,,23.144
10-Dec-16,1.088,,0.49,14.92,,26.855
11-Dec-16,1.294,0.123,0.448,13.914,21.809,23.658
12-Dec-16,,,,,,
13-Dec-16,,,,,,
14-Dec-16,,,,,,
15-Dec-16,3.237,,,13.888,24.716,23.24
16-Dec-16,,,,,,
17-Dec-16,0.676,,,14.372,,
18-Dec-16,,,,13.172,,
19-Dec-16,,,,,,
20-Dec-16,,,,10.385,,
21-Dec-16,1.603,,0.801,16.171,26.6,26.999
22-Dec-16,1.951,,,13.401,,
23-Dec-16,1.166,,0.293,14.852,,26.155
24-Dec-16,,,,,,
25-Dec-16,0.818,,,13.693,,19.465
26-Dec-16,,,,,,
27-Dec-16,0.903,,0.24,13.916,23.54,23.456
28-Dec-16,,,,,26.126,24.138
29-Dec-16,1.292,,,15.926,,
30-Dec-16,,,,,,
31-Dec-16,,,,13.03,,
1-Jan-17,,,,,,
2-Jan-17,,,,,,
3-Jan-17,,,,20.82,24.65,
4-Jan-17,,,,,,
5-Jan-17,,0.328,0.553,,25.023,23.577
6-Jan-17,,,,,,
7-Jan-17,,,,,,
8-Jan-17,,,2.482,,,
9-Jan-17,,,3.129,,,
10-Jan-17,1.402,0.21,1.35,12.832,24.307,23.31
11-Jan-17,1.105,,,12.619,22.658,
12-Jan-17,1.014,0.223,,14.515,23.808,
13-Jan-17,,,,10.807,26.233,22.816
14-Jan-17,,0.184,,,24.849,
15-Jan-17,,,,,,
16-Jan-17,,,,,,
17-Jan-17,,,,10.541,25.199,
18-Jan-17,,,,12.669,,
19-Jan-17,1.375,,0.824,10.742,,25.559
20-Jan-17,,,,,,
21-Jan-17,2.319,,,13.955,,
22-Jan-17,,,,,,
23-Jan-17,,,,,,
24-Jan-17,,,0.923,10.34,,24.822
25-Jan-17,1.374,0.246,1.151,11.437,24.371,24.428
26-Jan-17,0.928,,,11.432,,
27-Jan-17,1.194,0.349,0.513,11.637,25.249,25.041
28-Jan-17,0.895,,0.676,11.319,23.485,21.736
29-Jan-17,,,,11.885,,22.502
30-Jan-17,0.559,,,11.486,,20.08
31-Jan-17,2.595,,0.796,11.259,,20.669
1-Feb-17,0.885,0.25,0.512,12.774,24.048,21.599
2-Feb-17,,0.19,0.442,,22.764,23.059
3-Feb-17,,,,,,
4-Feb-17,1.473,,4.588,11.598,,15.737
5-Feb-17,1.083,,,10.083,,
6-Feb-17,0.879,0.218,0.365,12.995,22.175,23.574
7-Feb-17,,,,,,
8-Feb-17,,,,,,
9-Feb-17,,,,10.167,,
10-Feb-17,1.609,,0.834,10.807,,22.312
11-Feb-17,,0.19,0.409,,21.696,21.56
12-Feb-17,1.025,0.227,0.671,11.31,22.168,21.279
13-Feb-17,1.658,0.223,0.886,10.792,22.401,20.399
14-Feb-17,,,,12.935,23.119,23.936
15-Feb-17,,,,,,
16-Feb-17,1.315,,,10.201,,20.641
17-Feb-17,0.988,0.192,0.31,10.643,23.786,22.148
18-Feb-17,2.11,,0.997,10.754,,19.506
19-Feb-17,0.831,,0.623,10.72,,19.71
20-Feb-17,1.208,0.207,0.588,11.357,23.911,22.266
21-Feb-17,1.272,,,9.631,23.754,
22-Feb-17,1.097,0.182,,9.557,23.283,
23-Feb-17,,,,,,
24-Feb-17,0.999,0.174,0.338,13.025,24.164,22.796
25-Feb-17,1.189,0.205,0.245,13.556,23.979,24.74
26-Feb-17,1.195,0.215,0.373,11.677,24.961,23.252
27-Feb-17,1.748,,,11.967,,21.805
28-Feb-17,1.025,,0.277,12.919,24.295,22.876
1-Mar-17,,,,,22.334,19.44
2-Mar-17,,,,12.792,,
3-Mar-17,0.819,0.198,0.495,15.731,23.28,21.116
4-Mar-17,1.635,,0.666,13.222,,21.841
5-Mar-17,3.101,,0.807,11.761,22.948,21.648
6-Mar-17,1.714,0.203,0.434,13.894,23.767,23.81
7-Mar-17,,,,,23.28,
8-Mar-17,0.841,,1.214,12.591,,19.189
9-Mar-17,,0.236,0.642,12.861,25.008,23.011
10-Mar-17,,,0.588,,,19.585
11-Mar-17,,,1.09,10.475,25.241,21.58
12-Mar-17,,,,9.487,,
13-Mar-17,,,,,,
14-Mar-17,,,,,,
15-Mar-17,,,,9.222,,
16-Mar-17,1.179,,0.498,10.752,,23.328
17-Mar-17,1.663,0.209,0.381,10.981,22.076,23.254
18-Mar-17,,,,,,
19-Mar-17,,,,,,
20-Mar-17,1.109,,0.837,,,24.928
21-Mar-17,0.819,,,9.701,21.479,
22-Mar-17,3.234,,,10.001,,
23-Mar-17,1.99,,0.607,10.041,,25.041
24-Mar-17,1.623,0.193,1.489,9.967,21.387,21.554
25-Mar-17,,,,,,
26-Mar-17,1.455,0.185,,10.462,21.439,
27-Mar-17,1.247,,0.467,11.662,23.113,23.184
28-Mar-17,,,,,21.617,
29-Mar-17,1.079,,,10.264,22.532,16.96
30-Mar-17,1.397,0.146,,10.27,23.288,25.36
31-Mar-17,,,,,,
1-Apr-17,1.19,,0.312,9.762,,24.301
2-Apr-17,1.651,,0.474,9.78,,23.933
3-Apr-17,,,,10.108,22.206,24.738
4-Apr-17,,,,11.237,24.023,22.926
5-Apr-17,,,,,,
6-Apr-17,,,,11.496,,22.983
7-Apr-17,0.425,,,9.598,,
8-Apr-17,1.871,0.173,0.491,10.396,23.563,24.151
9-Apr-17,1.229,0.149,0.289,13.571,23.004,24.278
10-Apr-17,1.031,0.153,0.563,13.335,25.405,22.982
11-Apr-17,1.369,0.134,0.272,8.784,24.67,22.907
12-Apr-17,,,,,,
13-Apr-17,,,,12.847,25.143,22.407
14-Apr-17,,0.129,0.594,,25.348,23.579
15-Apr-17,0.339,,,,24.118,
16-Apr-17,,0.082,0.17,,23.919,23.521
17-Apr-17,0.889,0.138,0.229,16.305,23.774,22.8
18-Apr-17,0.856,0.063,,19.937,23.666,25.67
19-Apr-17,,,,15.437,23.688,
20-Apr-17,,,,13.935,23.876,24.493
21-Apr-17,0.943,0.111,0.18,19.464,24.156,25.246
22-Apr-17,0.668,,,15.686,24.294,24.938
23-Apr-17,,0.097,,,25.346,
24-Apr-17,,,,,,
25-Apr-17,,,0.497,,25.863,24.732
26-Apr-17,,,,,25.48,25.145
27-Apr-17,0.948,,,14.89,25.646,22.27
28-Apr-17,,,,,,
29-Apr-17,,,,,25.406,24.297
30-Apr-17,1.221,,0.129,,25.151,24.893
1-May-17,,,,16.897,25.051,24.571
2-May-17,1.551,0.081,0.244,,26.011,25.193
3-May-17,1.32,0.089,0.16,19.242,26.665,26.899
4-May-17,1.217,0.079,,15.805,24.812,23.251
5-May-17,,,,,,
6-May-17,,,,16.661,25.393,22.695
7-May-17,1.259,,0.411,16.653,,24.109
8-May-17,,,,16.505,26.03,24.727
9-May-17,1.221,0.091,0.23,,25.71,24.336
10-May-17,0.982,,,17.299,23.62,
11-May-17,,0.07,,15.245,24.882,
12-May-17,,,,,,
13-May-17,,,,14.454,,
14-May-17,1.477,,0.861,16.01,25.552,24.55
15-May-17,,,,,25.011,24.143
16-May-17,1.006,0.069,0.906,18.899,25.947,23.843
17-May-17,0.832,,,18.324,25.691,22.984
18-May-17,0.997,0.065,0.717,,25.334,26.525
19-May-17,0.825,,,18.684,,
20-May-17,1.246,0.066,0.655,18.855,25.761,24.576
21-May-17,,,,17.635,24.866,
22-May-17,,,,18.43,,21.25
23-May-17,,,,,,
24-May-17,,,,,,
25-May-17,0.922,,0.663,,,25.19
26-May-17,0.939,,0.983,18.061,25.672,26.054
27-May-17,0.856,0.073,0.366,20.18,25.282,25.587
28-May-17,,,,,23.523,24.575
29-May-17,0.703,,,15.121,26.755,25.002
30-May-17,,,,,,
31-May-17,,,,18.726,,
1-Jun-17,,,,,,
2-Jun-17,0.697,0.091,0.174,20.158,28.166,28.531
3-Jun-17,0.551,0.077,0.406,21.735,26.516,27.385
4-Jun-17,0.476,0.057,0.174,22.172,27.806,28.598
5-Jun-17,,,,21.145,,
6-Jun-17,,,,23.203,25.935,
7-Jun-17,,,,,,
8-Jun-17,,,,,,
9-Jun-17,2.428,,,19.632,27.5,23.929
10-Jun-17,0.523,0.081,0.644,,27.08,23.99
11-Jun-17,0.786,0.081,0.453,21.986,27.486,24.613
12-Jun-17,1.138,0.071,0.474,,28.148,25.088
13-Jun-17,1.119,0.069,0.547,,26.785,25.183
14-Jun-17,,,,21.973,27.357,26.688
15-Jun-17,,,0.115,20.351,,26.329
16-Jun-17,,,,22.367,26.601,26.526
17-Jun-17,1.045,,0.872,22.913,,24.507
18-Jun-17,,,,22.709,26.409,26.544
19-Jun-17,1.862,,,22.699,25.028,
20-Jun-17,,,,,,
21-Jun-17,,,,,,
22-Jun-17,,,,,,
23-Jun-17,,,,,,
24-Jun-17,1.102,0.065,0.616,23.777,27.298,26.969
25-Jun-17,,,,24.129,,
26-Jun-17,1.018,,,23.919,,
27-Jun-17,,,,,,
28-Jun-17,,,,,,
29-Jun-17,,0.064,,,25.225,
30-Jun-17,,,,24.381,27.002,27.754
1-Jul-17,,,,24.548,26.333,27.185
2-Jul-17,,,,24.381,27.142,28.269
3-Jul-17,0.594,,0.194,26.876,,28.577
4-Jul-17,,,,,,
5-Jul-17,0.718,,,26.639,,
6-Jul-17,0.54,0.081,0.22,26.712,27.482,29.019
7-Jul-17,0.663,0.065,,26.251,27.993,28.231
8-Jul-17,,,,26.665,27.901,28.964
9-Jul-17,,,,,,
10-Jul-17,,,,,,
11-Jul-17,,,,25.721,27.8,
12-Jul-17,1.059,0.071,,24.105,27.381,
13-Jul-17,0.555,0.063,0.347,26.308,28.105,28.844
14-Jul-17,0.54,0.061,0.336,26.707,28.061,28.552
15-Jul-17,0.352,0.055,0.326,26.83,28.09,28.505
16-Jul-17,,,,,28.843,
17-Jul-17,,,,,,
18-Jul-17,,,,,,
19-Jul-17,0.577,0.062,0.237,27.391,29.408,30.608
20-Jul-17,0.528,0.06,0.369,26.58,28.487,29.502
21-Jul-17,0.484,0.054,0.226,27.244,28.663,28.219
22-Jul-17,0.464,0.061,0.242,26.473,28.94,28.801
23-Jul-17,0.524,0.049,,26.235,29.042,28.923
24-Jul-17,,,,25.722,28.525,
25-Jul-17,,,,25.986,,
26-Jul-17,0.553,,,25.697,,
27-Jul-17,,,0.195,26.322,29.575,30.056
28-Jul-17,,,,,,
29-Jul-17,,,,,,
30-Jul-17,,,0.99,24.837,,27.663
31-Jul-17,,,,,,
1-Aug-17,0.693,,,25.11,,25.118
2-Aug-17,,,,,27.035,28.361
3-Aug-17,,,,25.567,,
4-Aug-17,,,,24.775,,
5-Aug-17,0.352,,,24.806,,
6-Aug-17,0.391,0.07,0.199,24.675,28.622,27.536
7-Aug-17,,,,,,
8-Aug-17,,0.049,,,27.552,
9-Aug-17,,,,23.36,,
10-Aug-17,,,,23.919,,27.135
11-Aug-17,,,,,,
12-Aug-17,,,,,,
13-Aug-17,0.472,,0.223,23.751,,27.661
14-Aug-17,,0.076,0.267,23.06,,27.175
15-Aug-17,0.606,0.07,0.229,26.781,28.818,29.066
16-Aug-17,0.416,0.092,,25.977,28.937,27.503
17-Aug-17,0.562,0.086,0.334,27.546,30.03,29.76
18-Aug-17,,,0.197,27.19,,29.395
19-Aug-17,0.556,,,27.078,29.365,28.511
20-Aug-17,,,,,,
21-Aug-17,1.098,,,27.104,,
22-Aug-17,0.598,0.075,0.604,27.1,28.878,28.942
23-Aug-17,0.49,,,27.483,28.07,
24-Aug-17,0.728,,,24.947,,
25-Aug-17,,,,26.025,,
26-Aug-17,,,,25.873,27.17,27.827
27-Aug-17,0.72,,,25.77,,28.082
28-Aug-17,,,,,,
29-Aug-17,,,,,,
30-Aug-17,0.57,,,21.982,,26.104
31-Aug-17,0.761,0.066,0.953,23.304,28.139,25.884
1-Sep-17,,,1.402,,27.745,25.311
2-Sep-17,,0.067,,,27.82,
3-Sep-17,1.126,,,22.662,,
4-Sep-17,1.615,0.065,0.092,23.657,29.691,29.384
5-Sep-17,0.98,0.08,0.23,24.487,28.359,29.145
6-Sep-17,,,,24.718,,29.785
7-Sep-17,0.68,,,24.525,,
8-Sep-17,0.563,,,25.667,27.56,28.544
9-Sep-17,,,,25.054,,
10-Sep-17,,,,,,
11-Sep-17,,,,,,
12-Sep-17,,,,,,
13-Sep-17,0.586,,0.267,23.66,,27.911
14-Sep-17,0.793,0.082,0.267,23.621,28.394,27.725
15-Sep-17,0.545,,0.257,24.708,28.33,26.797
16-Sep-17,0.6,,,23.108,,29.07
17-Sep-17,,,,,28.592,
18-Sep-17,,,,,,
19-Sep-17,,,,,,
20-Sep-17,1.64,,1.843,22.116,27.639,24.239
21-Sep-17,1.178,0.072,1.466,22.878,28.356,25.713
22-Sep-17,0.97,0.086,1.151,22.578,28.847,26.865
23-Sep-17,0.904,0.073,1.513,21.973,28.512,25.996
24-Sep-17,0.852,,0.904,22.614,,25.963
25-Sep-17,1.003,,,21.573,,25.93
26-Sep-17,,,,,,
27-Sep-17,,,,20.752,25.332,24.217
28-Sep-17,0.894,0.1,1.445,21.928,27.037,25.351
29-Sep-17,1.024,,,21.595,26.657,
30-Sep-17,1.145,0.09,0.865,21.578,27.455,26.871
1-Oct-17,0.854,0.191,0.703,21.151,26.679,25.073
2-Oct-17,0.934,0.137,1.052,21.441,27.354,25.598
3-Oct-17,0.786,,1.036,21.61,,23.011
4-Oct-17,0.857,0.183,2.933,22.149,27.96,23.591
5-Oct-17,1.321,,,22.416,27.91,26.752
6-Oct-17,0.744,0.147,,22.598,27.542,
7-Oct-17,0.951,0.118,0.305,22.813,26.921,26.543
8-Oct-17,1.249,0.119,0.637,23.263,27.343,26.167
9-Oct-17,1.067,,0.378,23.135,27.043,24.777
10-Oct-17,,,,22.11,26.42,24.24
11-Oct-17,0.525,0.098,0.674,23.319,27.434,25.555
12-Oct-17,,,,22.511,25.435,24.889
13-Oct-17,,0.127,,21.915,27.089,
14-Oct-17,0.341,0.106,,22.03,27.186,24.026
15-Oct-17,0.796,0.081,0.563,22.312,27.059,26.6
16-Oct-17,,,,,28.223,
17-Oct-17,,,,,,
18-Oct-17,1.148,,1.271,21.394,27.045,26.967
19-Oct-17,1.128,0.155,0.324,21.34,27.298,27.971
20-Oct-17,1.302,0.163,0.285,21.81,27.899,27.743
21-Oct-17,4.054,,0.729,21.597,27.74,27.24
22-Oct-17,1.112,,0.349,21.541,27.199,26.349
23-Oct-17,,,,,,
24-Oct-17,,,,,,
25-Oct-17,,,,,,
26-Oct-17,,,1.635,19.81,,28.055
27-Oct-17,0.921,0.167,0.343,22.031,27.08,26.675
28-Oct-17,,,,,,
29-Oct-17,,,,,,
30-Oct-17,0.943,,0.878,21.828,,25.962
31-Oct-17,0.886,0.16,0.606,21.573,27.098,25.304
1-Nov-17,0.957,0.189,0.285,22.941,28.162,26.676
2-Nov-17,0.412,,,21.669,28.384,
3-Nov-17,0.657,0.143,0.501,23.3,27.412,25.799
4-Nov-17,,0.224,,19.985,27.521,
5-Nov-17,0.876,,0.657,22.067,,25.199
6-Nov-17,,,,21.913,27.097,25.261
7-Nov-17,,0.14,,,27.735,
8-Nov-17,,,,,,
9-Nov-17,,,,,,
10-Nov-17,,,,,,
11-Nov-17,,,,,,
12-Nov-17,,0.156,,,23.496,
13-Nov-17,,,,,,
14-Nov-17,,,,,25.525,
15-Nov-17,1.519,,0.624,17.26,,25.527
16-Nov-17,1.018,,0.916,17.091,,21.711
17-Nov-17,,,1.079,16.933,25.303,21.652
18-Nov-17,,,0.936,,25.96,21.598
19-Nov-17,1.489,,0.795,17.174,26.313,24.749
20-Nov-17,1.371,0.209,1.106,18.058,26.604,25.432
21-Nov-17,,,,,,
22-Nov-17,0.677,,,18.798,,18.385
23-Nov-17,,,,,24.827,
24-Nov-17,,,,,,
25-Nov-17,0.799,0.144,0.754,22.117,24.093,23.16
26-Nov-17,0.945,0.166,0.919,21.46,24.256,24.551
27-Nov-17,0.856,0.183,0.702,17.231,24.826,26.094
28-Nov-17,0.996,,1.5,19.09,23.817,19.778
29-Nov-17,,,,17.416,24.227,24.3
30-Nov-17,0.752,0.121,0.754,20.163,23.401,24.132
1-Dec-17,0.714,0.117,1.811,15.591,24.584,24.515
2-Dec-17,,,,,,
3-Dec-17,1.011,,0.295,16.628,,25.753
4-Dec-17,1.007,0.195,0.453,17.422,24.791,26.069
5-Dec-17,,,,,,
6-Dec-17,,,,,,
7-Dec-17,,,,,,
8-Dec-17,,,,,,
9-Dec-17,,,,,,
10-Dec-17,,,1.962,15.07,,
11-Dec-17,0.632,0.149,0.444,16.899,24.399,24.265
12-Dec-17,,0.108,,,24.527,
13-Dec-17,1.42,,1.477,15.477,,21.892
14-Dec-17,1.338,0.2,0.495,17.11,23.757,23.409
15-Dec-17,,,,,,24.026
16-Dec-17,1.672,0.23,0.418,15.653,24.24,23.156
17-Dec-17,,,,,,
18-Dec-17,,,,,,
19-Dec-17,1.453,0.287,0.528,19.029,25.085,23.07
20-Dec-17,,,,,,
21-Dec-17,1.022,,0.477,18.062,25.065,22.937
22-Dec-17,,,,,,
23-Dec-17,,,,,,
24-Dec-17,,,,,,
25-Dec-17,,0.262,0.281,,24.57,24.92
26-Dec-17,1.054,,0.443,17.879,,23.997
27-Dec-17,,,,,,
28-Dec-17,,,,,,
29-Dec-17,0.606,,,15.816,,
30-Dec-17,,,,,,21.886
31-Dec-17,,,,,,
1-Jan-18,,,,,,
2-Jan-18,,,,,,
3-Jan-18,1.027,,,9.781,,
4-Jan-18,,,,,,
5-Jan-18,1.965,,2.453,10.545,,24.735
6-Jan-18,,,1.872,,,23.28
7-Jan-18,,,,,,
8-Jan-18,0.985,,0.458,13.894,,21.775
9-Jan-18,2.424,,0.665,13.006,22.705,23.255
10-Jan-18,,,,,,
11-Jan-18,1.015,0.215,,8.085,21.525,
12-Jan-18,,,,,,
13-Jan-18,,,0.305,,,22.488
14-Jan-18,,,,,,
15-Jan-18,,,,,,
16-Jan-18,,,,,,
17-Jan-18,,,,,,
18-Jan-18,1.313,,0.978,10.946,,22.371
19-Jan-18,1.019,0.211,0.858,,22.151,23.229
20-Jan-18,1.299,0.186,0.542,,22.14,
21-Jan-18,1.187,,0.566,17.729,,22.53
22-Jan-18,,,,,,
23-Jan-18,,,,,,
24-Jan-18,,,,,,
25-Jan-18,1.075,,2.847,13.934,,
26-Jan-18,1.001,,0.685,14.763,,21.716
27-Jan-18,,,,,,
28-Jan-18,,,,,,
29-Jan-18,,,,,,
30-Jan-18,,,,,,
31-Jan-18,1.113,,0.892,10.157,,21.12
1-Feb-18,,,,,,22.012
2-Feb-18,,,,,,
3-Feb-18,0.977,,1.049,,,21.53
4-Feb-18,,,,,,
5-Feb-18,0.807,,1.824,11.159,,17.958
6-Feb-18,0.532,0.211,0.3,11.784,22.057,21.393
7-Feb-18,,,,,20.807,
8-Feb-18,,,,,,
9-Feb-18,0.945,,,11.965,,
10-Feb-18,,,,,,
11-Feb-18,,,,,20.153,
12-Feb-18,,,,,,
13-Feb-18,,,,,,
14-Feb-18,,,,,,19.32
15-Feb-18,,,,,,
16-Feb-18,,0.198,0.638,,21.139,22.342
17-Feb-18,,,,,,
18-Feb-18,5.937,,0.814,,,23.655
19-Feb-18,,,,,19.785,
20-Feb-18,0.448,0.145,0.255,,21.846,22.674
21-Feb-18,0.877,0.127,0.38,,21.768,21.371
22-Feb-18,,0.124,0.124,,22.141,24.451
23-Feb-18,,0.137,0.26,,21.939,22.934
24-Feb-18,0.655,0.108,0.322,,22.011,22.937
25-Feb-18,1.01,0.124,0.344,,22.664,23.685
26-Feb-18,,,,,,
27-Feb-18,1.24,,0.375,,22.158,24.618
28-Feb-18,,,,,,
1-Mar-18,,,,,,
2-Mar-18,1.452,,1.06,9.699,,21.962
3-Mar-18,,,0.467,8.009,,
4-Mar-18,,,,,,
5-Mar-18,,,,8.924,,25.263
6-Mar-18,,0.16,,4.396,20.752,
7-Mar-18,,,,8.439,,
8-Mar-18,1.186,,0.476,7.935,,22.434
9-Mar-18,1.278,,0.629,8.316,,21.523
10-Mar-18,,,0.395,,21.122,23.539
11-Mar-18,,,,,,
12-Mar-18,,,,,,
13-Mar-18,1.846,,1.13,,,22.173
14-Mar-18,,,,8.918,,
15-Mar-18,,,,7.571,20.704,21.633
16-Mar-18,1.201,0.161,0.511,8.595,21.124,22.989
17-Mar-18,1.191,0.133,,,20.049,
18-Mar-18,2.073,,0.596,,,21.41
19-Mar-18,,,,,,
20-Mar-18,1.253,0.188,0.444,19.219,21.779,21.075
21-Mar-18,,,,,,
22-Mar-18,,,,7.981,,22.253
23-Mar-18,1.188,,0.98,8.124,,22.84
24-Mar-18,,0.18,0.739,,22.149,21.412
25-Mar-18,1.055,,,8.385,,
26-Mar-18,1.318,0.124,1.009,7.326,21.75,22.849
27-Mar-18,,0.221,0.478,4.761,21.874,23.087
28-Mar-18,,,,,20.295,24.085
29-Mar-18,1.436,,,,20.18,
30-Mar-18,,,,,21.953,
31-Mar-18,2.024,,,,,
1-Apr-18,1.717,0.245,0.58,8.544,22.266,22.815
2-Apr-18,1.626,,0.348,,,
3-Apr-18,2.105,0.197,0.469,,22.521,21.972
4-Apr-18,,,,,,
5-Apr-18,1.635,,0.575,10.145,20.804,22.064
6-Apr-18,,,,9.095,,
7-Apr-18,,,,,,
8-Apr-18,1.386,,,8.862,,
9-Apr-18,,,,,,
10-Apr-18,,,,,,
11-Apr-18,1.254,,0.219,15.027,,22.52
12-Apr-18,1.472,0.147,0.501,11.62,24.482,22.758
13-Apr-18,1.864,0.144,1.021,,24.72,20.3
14-Apr-18,1.593,,,11.7,24.359,21.118
15-Apr-18,,,,,,
16-Apr-18,,,,11.71,23.228,20.702
17-Apr-18,1.297,,,11.592,,
18-Apr-18,1.984,,1.833,,23.678,20.991
19-Apr-18,1.848,0.158,0.968,,23.316,23.197
20-Apr-18,1.511,,0.722,11.026,,23.346
21-Apr-18,1.655,,0.6,10.509,22.77,20.568
22-Apr-18,,,,11.03,,23.47
23-Apr-18,,,,,,
24-Apr-18,,,,,,
25-Apr-18,,,,,,
26-Apr-18,0.967,,,13.598,,
27-Apr-18,0.891,,0.295,,,24.338
28-Apr-18,0.961,0.116,0.315,,22.519,23.829
29-Apr-18,,,0.45,11.543,,24.888
30-Apr-18,,0.123,,12.222,24.185,23.343
1-May-18,1.298,,0.881,14.933,24.574,23.572
2-May-18,,,,,,
3-May-18,1.097,,0.266,11.284,,19.591
4-May-18,,,,,24.83,24.444
5-May-18,,0.094,,,23.281,
6-May-18,,,,,,
7-May-18,,,,14.63,,
8-May-18,,,,14.06,24.54,
9-May-18,,,,,24.22,
10-May-18,,0.101,0.487,,25.462,25.082
11-May-18,,,,15.858,24.887,23.534
12-May-18,0.61,0.098,0.311,18.575,25.345,26.048
13-May-18,0.645,0.084,0.144,18.36,25.498,26.035
14-May-18,0.575,0.081,0.169,18.155,26.152,24.766
15-May-18,,,,,,
16-May-18,,,,,25.432,25.255
17-May-18,,,,,,
18-May-18,,,,,,
19-May-18,,,,,,
20-May-18,,,,,25.936,
21-May-18,,,,,,
22-May-18,,,,,,
23-May-18,1.164,,0.16,20.69,26.32,24.502
24-May-18,,,,21.503,26.012,24.799
25-May-18,,,,22.245,26.3,24.989
26-May-18,1.187,0.065,0.173,22.49,24.887,24.343
27-May-18,,,,,,
28-May-18,,,,,,
29-May-18,,,,,,
30-May-18,,,,,,
31-May-18,,,,,,25.585
1-Jun-18,2.031,,,24.355,25.908,26.212
2-Jun-18,0.985,,,25.723,,
3-Jun-18,,,,23.517,,25.914
4-Jun-18,1.52,,0.246,,26.225,26.034
5-Jun-18,0.893,,,18.87,26.504,
6-Jun-18,0.797,0.064,0.522,19.501,27.932,25.611
7-Jun-18,0.837,0.042,0.487,18.993,26.452,24.492
8-Jun-18,0.718,0.062,0.872,18.015,26.388,23.942
9-Jun-18,,,,,,
10-Jun-18,,,,24.124,,26.073
11-Jun-18,,,,,25.965,
12-Jun-18,,,,,,
13-Jun-18,0.836,0.08,1.237,20.756,26.295,25.71
14-Jun-18,0.572,,0.141,21.572,26.904,27.724
15-Jun-18,0.897,0.066,0.203,21.541,27.734,27.158
16-Jun-18,0.575,0.057,0.164,24.271,27.1,27.868
17-Jun-18,0.35,,,19.23,26.774,
18-Jun-18,,,,22.2,,
19-Jun-18,,,,25.462,26.753,26.538
20-Jun-18,0.982,0.053,0.335,25.635,27.692,27.369
21-Jun-18,0.818,,,27.037,27.529,27.835
22-Jun-18,0.709,0.053,0.314,25.636,27.189,28.264
23-Jun-18,0.571,0.044,0.239,26.614,27.903,27.846
24-Jun-18,0.772,0.053,0.243,25.437,28.599,27.346
25-Jun-18,,,,,,
26-Jun-18,,,,,,27.177
27-Jun-18,0.568,,,23.7,27.231,
28-Jun-18,,,,24.426,26.864,26.978
29-Jun-18,0.795,,,25.3,,
30-Jun-18,0.584,,0.47,28.434,24.561,25.65
1-Jul-18,0.351,0.055,0.272,28.269,28.554,28.507
2-Jul-18,0.493,0.035,0.173,28.365,28.155,28.648
3-Jul-18,,,,27.378,27.644,29.089
4-Jul-18,,,,,27.885,28.451
5-Jul-18,,,,27.543,28.323,28.609
6-Jul-18,0.605,0.051,0.336,28.088,28.11,29.676
7-Jul-18,,,,25.822,,
8-Jul-18,,,,22.884,,
9-Jul-18,0.263,,,23.544,,
10-Jul-18,0.287,,,25.352,27.244,25.213
11-Jul-18,,,,25.556,27.456,
12-Jul-18,,,,23.973,27.938,24.695
13-Jul-18,0.241,,,24.281,,
14-Jul-18,,,,24.834,27.414,25.526
15-Jul-18,0.333,0.06,0.591,23.356,27.95,28.477
16-Jul-18,,,,,,
17-Jul-18,0.313,,0.227,25.426,,28.11
18-Jul-18,,,,,,
19-Jul-18,,,,25.101,27.174,28.106
20-Jul-18,,,,,,
21-Jul-18,,,,,,
22-Jul-18,0.317,,,24.005,26.89,
23-Jul-18,,,,,26.212,
24-Jul-18,,,,,,
25-Jul-18,,,,,,
26-Jul-18,0.504,,,23.739,,
27-Jul-18,,,,26.21,,
28-Jul-18,,,,,,
29-Jul-18,,,,,,
30-Jul-18,,,,,26.332,
31-Jul-18,,0.05,,,26.953,
1-Aug-18,0.426,0.054,0.49,26.232,27.092,28.08
2-Aug-18,0.524,0.051,0.49,26.547,27.434,28.671
3-Aug-18,0.325,,,26.819,,
4-Aug-18,,0.059,,26.132,28.748,28.178
5-Aug-18,,,0.312,28.957,27.58,28.833
6-Aug-18,,,,28.581,30.625,29.668
7-Aug-18,0.503,0.07,0.286,27.887,29.292,29.279
8-Aug-18,0.619,,,27.904,,
9-Aug-18,0.54,0.074,0.255,27.523,30.088,29.419
10-Aug-18,0.255,0.042,0.135,,28.85,28.347
11-Aug-18,0.46,,0.18,28.194,,29.118
12-Aug-18,,,,27.461,,
13-Aug-18,,,,27.034,,
14-Aug-18,0.412,,,27.366,,27.54
15-Aug-18,,,0.485,28.032,28.337,28.676
16-Aug-18,0.389,0.088,0.397,28.711,28.054,28.531
17-Aug-18,,,,,,
18-Aug-18,,,,,28.668,29.128
19-Aug-18,,,,26.729,,26.275
20-Aug-18,0.435,,,26.833,,27.729
21-Aug-18,,,,27.343,,
22-Aug-18,,,,27.049,,28.44
23-Aug-18,0.486,,1.351,26.964,,27.689
24-Aug-18,0.47,,,26.426,,
25-Aug-18,0.449,0.091,0.271,25.755,29.15,28.602
26-Aug-18,0.388,0.071,0.252,28.137,29.325,28.777
27-Aug-18,0.41,0.078,0.445,26.556,30.162,28.221
28-Aug-18,,,,26.738,29.073,28.195
29-Aug-18,,,,26.973,28.806,29.027
30-Aug-18,0.5,0.073,0.144,27.532,29.312,28.845
31-Aug-18,0.784,,0.163,27.549,29.877,29.325
1-Sep-18,,0.071,0.221,,31.318,31.118
2-Sep-18,0.383,0.051,0.214,28.553,30.046,29.476
3-Sep-18,0.492,0.067,0.365,27.832,29.393,28.977
4-Sep-18,0.382,,,27.712,28.214,
5-Sep-18,0.471,0.069,0.116,28.321,29.385,29.701
6-Sep-18,0.528,,0.174,28.889,29.088,29.318
7-Sep-18,0.467,,0.181,29.055,29.435,29.276
8-Sep-18,,0.057,0.207,,28.657,29.37
9-Sep-18,,,,,,
10-Sep-18,0.485,0.057,0.273,28.61,28.901,28.78
11-Sep-18,,,,,,
12-Sep-18,,0.084,0.688,,29.185,28.156
13-Sep-18,,,,,,
14-Sep-18,,,,,,
15-Sep-18,,,,,,
16-Sep-18,,,,26.403,,
17-Sep-18,,0.148,,,28.248,
18-Sep-18,0.57,,,25.843,27.965,
19-Sep-18,0.708,0.089,0.798,,,
20-Sep-18,0.386,,0.476,25.59,26.604,27.105
21-Sep-18,0.446,0.119,0.813,24.618,26.34,26.582
22-Sep-18,0.405,,1.095,24.337,26.542,26.706
23-Sep-18,,0.061,0.692,24.103,27.498,27.236
24-Sep-18,0.46,0.079,,24.22,27.459,
25-Sep-18,,,,,,
26-Sep-18,0.734,0.079,0.779,24.955,27.414,27.383
27-Sep-18,0.373,0.064,0.527,24.918,27.867,27.847
28-Sep-18,,0.076,0.138,,27.612,
29-Sep-18,,,,24.063,,
30-Sep-18,0.902,,1.244,23.559,,27.302
1-Oct-18,0.847,,1.082,23.909,,27.446
2-Oct-18,0.759,0.07,1.084,24.134,27.639,26.561
3-Oct-18,0.756,0.073,0.521,24.309,28.855,27.712
4-Oct-18,0.619,0.065,0.698,25.297,28.103,26.778
5-Oct-18,0.731,0.067,0.787,26.7,28.49,28.406
6-Oct-18,0.443,,,24.906,27.227,26.13
7-Oct-18,0.517,0.069,0.83,24.616,27.917,26.739
8-Oct-18,0.802,,2.474,24.271,26.985,27.145
9-Oct-18,,0.071,0.794,25.219,27.91,27.433
10-Oct-18,0.909,0.056,1.311,25.616,27.74,28.401
11-Oct-18,,,,24.415,,
12-Oct-18,1.146,0.103,2.692,22.908,28.104,26.8
13-Oct-18,0.499,0.105,0.881,21.858,29.474,27.979
14-Oct-18,,0.089,,,28.274,
15-Oct-18,,,,,28.052,26.959
16-Oct-18,0.917,,0.59,21.691,,26.688
17-Oct-18,,,,,,
18-Oct-18,,,,20.639,,
19-Oct-18,0.875,0.13,0.579,22.112,28.43,26.764
20-Oct-18,,,,,,
21-Oct-18,,,3.278,,,23.751
22-Oct-18,0.746,,0.679,22.004,,28.303
23-Oct-18,,,,,,
24-Oct-18,,,2.712,,,28.192
25-Oct-18,,,,,,
26-Oct-18,,,,,,
27-Oct-18,,,,,,
28-Oct-18,0.79,,1.008,19.177,27.95,24.415
29-Oct-18,0.809,0.141,0.623,19.019,27.258,26.842
30-Oct-18,1.057,,1.268,18.5,,23.686
31-Oct-18,,,,19.963,26.282,26.79
1-Nov-18,1.019,0.147,0.337,16.158,25.283,26.249
2-Nov-18,,,,,24.932,
3-Nov-18,1.069,,,19.571,,
4-Nov-18,0.94,0.095,,19.318,26.185,27.382
5-Nov-18,,,,,,
6-Nov-18,2.053,0.131,,18.814,25.147,23.915
7-Nov-18,0.941,,0.393,19.987,,28.479
8-Nov-18,,,,,,
9-Nov-18,,,,19.144,24.513,
10-Nov-18,,,,,,
11-Nov-18,,,1.388,19.156,,23.647
12-Nov-18,0.482,,,17.634,,
13-Nov-18,,,,,,23.632
14-Nov-18,,,,,,
15-Nov-18,,,,,,
16-Nov-18,,,,18.652,27.004,29.988
17-Nov-18,0.674,,0.555,17.434,24.51,25.382
18-Nov-18,,,0.677,,25.108,26.435
19-Nov-18,,,,,,
20-Nov-18,,,,,,
21-Nov-18,0.947,,0.49,16.328,,26.908
22-Nov-18,1.104,,,16.15,,
23-Nov-18,0.418,,,16.831,,
24-Nov-18,,,,,,
25-Nov-18,,,,16.17,,
26-Nov-18,,,,,,
27-Nov-18,1.3,,,15.563,,
28-Nov-18,0.842,,1.16,14.563,,26.01
29-Nov-18,1.724,,0.934,14.375,,25.558
30-Nov-18,,,,,,
1-Dec-18,,,,,,
2-Dec-18,,,,,,
3-Dec-18,,,,,,
4-Dec-18,,,,,,15.965
5-Dec-18,,,0.618,,24.851,25.274
6-Dec-18,,,0.616,,,25.948
7-Dec-18,,,,,,
8-Dec-18,,,,,,
9-Dec-18,,,,,,
10-Dec-18,,,,,,
11-Dec-18,,,,11.958,,
12-Dec-18,0.884,0.156,,12.249,21.417,23.105
13-Dec-18,,,,,,
14-Dec-18,,0.193,,,22.176,
15-Dec-18,,,,,,
16-Dec-18,0.339,,0.487,12.136,,24.676
17-Dec-18,0.912,,1.293,,,24.634
18-Dec-18,,,,13.026,,26.714
19-Dec-18,1.271,0.201,0.966,7.822,21.879,21.245
20-Dec-18,,,,,,
21-Dec-18,,,,,,
22-Dec-18,1.317,,0.674,11.739,,23.449
23-Dec-18,1.391,0.228,0.409,11.794,26.45,24.354
24-Dec-18,1.529,,1.142,12.484,,22.075
25-Dec-18,1.837,,,12.225,,
26-Dec-18,1.4,,0.721,11.913,,22.468
27-Dec-18,,,,,,
28-Dec-18,,,,,,
29-Dec-18,,,2.558,,,19.591
30-Dec-18,,,,,,
31-Dec-18,,,,,,